architecture,experiment_id,s,t,path_id,step_index,q1,q2,q3,q4,q5,q6,d_x,d_y,d_z,position_residual_m,corrector_iterations,correction_norm,step_reductions,rank_jp,rank_jpd,rank_jd_nred,chart_sigma_1,chart_sigma_2,chart_condition,pointing_sigma_1,pointing_sigma_2,pointing_condition,tangent_principal_angle_1,tangent_principal_angle_2,dist_ua_m,dist_ub_m,regular,label
URLikeAligned6R,ATR_EXP_023,-0.12,-0.12,row_s=-0.120000_-t,4,0.3731500394341014,-0.4692362000409889,0.6399572019482019,0.40679618306872967,-0.2897241176563641,0.7,0.01530510899796914,-0.40120885163349795,0.9158587287401317,6.938893903907228e-17,18,1.2971159327120069e-05,0,3,5,2,,,,,,,6.04956387196674e-05,0.0051894907515943394,not_applicable,not_applicable,True,regular
URLikeAligned6R,ATR_EXP_023,-0.12,-0.09,row_s=-0.120000_-t,3,0.3725427355379369,-0.4570861074188755,0.614365500868684,0.40453486609026107,-0.29930889324904614,0.7,-0.006202424967051923,-0.40621426389917453,0.9137568066665112,6.938893903907228e-17,18,1.3146027808099139e-05,0,3,5,2,,,,,,,5.817428598461598e-05,0.005259499850423223,not_applicable,not_applicable,True,regular
URLikeAligned6R,ATR_EXP_023,-0.12,-0.06,row_s=-0.120000_-t,2,0.3719332190855859,-0.44489231790134554,0.5884869528801437,0.40216770975207355,-0.30800056280684424,0.7,-0.027059406843611883,-0.4109249245028987,0.9112675210516169,5.551115123125783e-17,18,1.331645145255972e-05,0,3,5,2,,,,,,,5.5646344995058714e-05,0.005327719689110927,not_applicable,not_applicable,True,regular
URLikeAligned6R,ATR_EXP_023,-0.12,-0.03,row_s=-0.120000_-t,1,0.37132395966413917,-0.4326580416666476,0.5623476082298684,0.39969694132028216,-0.3157778827509807,0.7,-0.047218764072108524,-0.41533773604650126,0.9084409465316221,6.938893903907228e-17,18,1.3479379036225427e-05,0,3,5,2,,,,,,,5.315280960390151e-05,0.005392937131147731,not_applicable,not_applicable,True,regular
URLikeAligned6R,ATR_EXP_023,-0.12,0.0,-s,4,0.37071723692501146,-0.4203869122865639,0.5359749934487269,0.3971251212367845,-0.32262079124738485,0.7,-0.0666359946401069,-0.4194498570737459,0.9053294768310253,1.576213700060856e-16,18,3.1523439185539724e-06,0,3,5,2,,,,,,,8.528662396188968e-05,0.00127033348577661,not_applicable,not_applicable,True,regular
URLikeAligned6R,ATR_EXP_023,-0.12,0.03,row_s=-0.120000_+t,1,0.3701151201469848,-0.4080830411986839,0.5093980661346259,0.3944551551383763,-0.3285107440887821,0.7,-0.08526958208953825,-0.4232586981505904,0.9019873462583292,1.2719202621569003e-16,18,1.3739652162950727e-05,0,3,5,2,,,,,,,4.969570545999634e-05,0.005500085507279095,not_applicable,not_applicable,True,regular
URLikeAligned6R,ATR_EXP_023,-0.12,0.06,row_s=-0.120000_+t,2,0.3695194487355588,-0.3957510615032702,0.4826471296813313,0.39169030162497936,-0.3334310751240646,0.7,-0.10308141021677027,-0.42676191994944984,0.8984700810537775,5.721958498152797e-17,18,1.3862834446702335e-05,0,3,5,2,,,,,,,4.905147891628188e-05,0.005548994052772528,not_applicable,not_applicable,True,regular
URLikeAligned6R,ATR_EXP_023,-0.12,0.09,row_s=-0.120000_+t,3,0.36893181408657777,-0.38339615554826423,0.4557536975613598,0.38883417355151184,-0.33736737156135704,0.7,-0.1200371697315527,-0.4299574338857344,0.8948338856621562,2.7755575615628914e-17,18,1.3964251640911266e-05,0,3,5,2,,,,,,,4.968418316867693e-05,0.005589130364528983,not_applicable,not_applicable,True,regular
URLikeAligned6R,ATR_EXP_023,-0.12,0.12,row_s=-0.120000_+t,4,0.36835354365369566,-0.37102406532668963,0.42875030771223005,0.3858907321792104,-0.3403078491818748,0.7,-0.13610674001046272,-0.4328434048018117,0.891134974200485,1.3877787807814457e-17,18,1.4039919579195483e-05,0,3,5,2,,,,,,,5.176000868626013e-05,0.005618907821307962,not_applicable,not_applicable,True,regular
URLikeAligned6R,ATR_EXP_023,-0.09,-0.12,row_s=-0.090000_-t,4,0.3680181845169504,-0.4689635539483319,0.6436339392453224,0.3776059534902767,-0.29194802665751873,0.7,0.006917625434331913,-0.3757665501121219,0.9266885378999701,5.721958498152797e-17,18,1.2977691723302045e-05,0,3,5,2,,,,,,,6.478139428679057e-05,0.005191071240033031,not_applicable,not_applicable,True,regular
URLikeAligned6R,ATR_EXP_023,-0.09,-0.09,row_s=-0.090000_-t,3,0.3674157440349625,-0.4568177687853404,0.6180332885343043,0.375317672521993,-0.3015082337595549,0.7,-0.014724436975052269,-0.38073171001953915,0.9245683078828547,5.721958498152797e-17,18,1.3149318568370469e-05,0,3,5,2,0.9998253320398939,0.9990263982567714,1.000799712384494,0.9663626506446182,0.7303171677011817,1.3232095497445808,6.225187972562275e-05,0.005259755233348463,not_applicable,not_applicable,True,regular
URLikeAligned6R,ATR_EXP_023,-0.09,-0.06,row_s=-0.090000_-t,2,0.36681134520375547,-0.4446289059910083,0.5921455880273951,0.37293022324449154,-0.31017432595255817,0.7,-0.035715418705443154,-0.3854073256954786,0.9220550971427652,7.97218214573518e-17,18,1.3316553622156115e-05,0,3,5,2,0.9998208850362252,0.9995648753230357,1.0002561211578256,0.9683201797971172,0.7078853471362418,1.3679053871004214,5.9458671213547585e-05,0.005326681212426368,not_applicable,not_applicable,True,regular
URLikeAligned6R,ATR_EXP_023,-0.09,-0.03,row_s=-0.090000_-t,1,0.36620727641062334,-0.4324001617943282,0.5659970113640939,0.3704457496570941,-0.3179253074800618,0.7,-0.05600828004056878,-0.38978953418799145,0.9191992121430512,1.3877787807814457e-17,18,1.3476383364024061e-05,0,3,5,2,0.9998843278975935,0.9998162847891903,1.0000680556112542,0.9701176669752815,0.6840223205173674,1.4182544017591747,5.66316097397847e-05,0.005390651149786007,not_applicable,not_applicable,True,regular
URLikeAligned6R,ATR_EXP_023,-0.09,0.0,-s,3,0.3656056434438451,-0.42013515093286447,0.539615187402803,0.36786670297259655,-0.3247413681571513,0.7,-0.07555855675269137,-0.3938747431730242,0.9160532687523333,1.249000902703301e-16,18,3.2159665254294726e-06,0,3,5,2,0.9999896145853886,0.9998123158156478,1.0001773320521623,0.9717784905024107,0.6587462322640112,1.4751940017365337,6.622508906376448e-05,0.00129222368740423,not_applicable,not_applicable,True,regular
URLikeAligned6R,ATR_EXP_023,-0.09,0.03,row_s=-0.090000_+t,1,0.36500835102991547,-0.4078379613988138,0.5130291540457923,0.36519585206844896,-0.3306042152775608,0.7,-0.09432476959439803,-0.39765963623086076,0.9126717107228115,2.7755575615628914e-17,18,1.3731488472139817e-05,0,3,5,2,0.9998875434862378,0.9998085396798552,1.0000790189353732,0.9733258091097318,0.6320896262929429,1.5398541102755616,5.235571705650132e-05,0.005495681228801954,not_applicable,not_applicable,True,regular
URLikeAligned6R,ATR_EXP_023,-0.09,0.06,row_s=-0.090000_+t,2,0.36441708534626466,-0.39551319860120976,0.48626927253293745,0.36243629002969563,-0.335497429931004,0.7,-0.11226883305506045,-0.40114118044779074,0.9091102586999049,1.2719202621569003e-16,18,1.3852016040305125e-05,0,3,5,2,0.9998053178348588,0.9995848862740528,1.0002205231029728,0.9747820405932944,0.6041012281392559,1.6136071161381418,5.115820167989884e-05,0.005543551008716117,not_applicable,not_applicable,True,regular
URLikeAligned6R,ATR_EXP_023,-0.09,0.09,row_s=-0.090000_+t,3,0.36383329789843305,-0.38316601345117757,0.45936709191763536,0.35959143473637056,-0.3394068381504215,0.7,-0.12935645585342312,-0.4043166367229425,0.9054252948742317,5.721958498152797e-17,18,1.3951000177610994e-05,0,3,5,2,0.9998026019407005,0.9990896079992005,1.0007136436369584,0.9761683831751223,0.5748473256420902,1.6981350345237607,5.119960273681866e-05,0.005582746273094322,not_applicable,not_applicable,True,regular
URLikeAligned6R,ATR_EXP_023,-0.09,0.12,row_s=-0.090000_+t,4,0.36325819152942584,-0.3708021133642743,0.432355164237108,0.3566650228916181,-0.3423208820973738,0.7,-0.1455575166329555,-0.4071835720023642,0.9016731935923583,4.163336342344337e-17,18,1.402448346164958e-05,0,3,5,2,,,,,,,5.270075796676083e-05,0.005611690223404446,not_applicable,not_applicable,True,regular
URLikeAligned6R,ATR_EXP_023,-0.06,-0.12,row_s=-0.060000_-t,4,0.3628364796645247,-0.4687917046901085,0.6472155836784547,0.3483987560022311,-0.29396666857602327,0.7,-0.0013491375071602726,-0.3500151253530488,0.9367430767569497,8.326672684688674e-17,18,1.2981408964982701e-05,0,3,5,2,,,,,,,6.897147131843598e-05,0.005191751217675943,not_applicable,not_applicable,True,regular
URLikeAligned6R,ATR_EXP_023,-0.06,-0.09,row_s=-0.060000_-t,3,0.36223944176313605,-0.4566509145465135,0.6216079027441137,0.3460835215364781,-0.3035082214207814,0.7,-0.02312067903191488,-0.3549386915823314,0.9346036376020188,5.551115123125783e-17,18,1.3149969884720677e-05,0,3,5,2,0.9998252961468436,0.9989954844437162,1.0008306461000567,0.9650121150809954,0.7343276399044659,1.3141437999072743,6.625140727480905e-05,0.005259191455035787,not_applicable,not_applicable,True,regular
URLikeAligned6R,ATR_EXP_023,-0.06,-0.06,row_s=-0.060000_-t,2,0.36164071145030324,-0.4444676115068279,0.5957128313188705,0.3436760001185037,-0.31215492904279213,0.7,-0.04424074396277912,-0.3595780917789127,0.9320656374345403,1.3877787807814457e-17,18,1.331421405361752e-05,0,3,5,2,0.9998209130993826,0.999550925843421,1.000270108554733,0.9669801064344935,0.7119393210741238,1.3582338800666076,6.32171801762166e-05,0.005324913158353927,not_applicable,not_applicable,True,regular
URLikeAligned6R,ATR_EXP_023,-0.06,-0.03,row_s=-0.060000_-t,1,0.36104239391557197,-0.4322449753921418,0.5695566453416407,0.3411782468348831,-0.3198860262705395,0.7,-0.06466232647733758,-0.36392869166836667,0.9291795794759424,5.721958498152797e-17,18,1.347116645283024e-05,0,3,5,2,0.9998804541149356,0.9998164859335349,1.0000639799226165,0.9687846036542617,0.6881190531579968,1.407873534685897,6.008833527285303e-05,0.005387733627357289,not_applicable,not_applicable,True,regular
URLikeAligned6R,ATR_EXP_023,-0.06,0.0,-s,2,0.36044641961477525,-0.41998659952478934,0.5431670558648566,0.3385925978358901,-0.32668193434104,0.7,-0.08434099768011202,-0.367986143106976,0.9259982692162959,1.3877787807814457e-17,18,3.2777182845446547e-06,0,3,5,2,0.9999891853896623,0.9998125486546868,1.000176669851977,0.9704491469421759,0.6628846320543048,1.4639789489985864,5.3290954680059e-05,0.0013141140665771992,not_applicable,not_applicable,True,regular
URLikeAligned6R,ATR_EXP_023,-0.06,0.03,row_s=-0.060000_+t,1,0.3598545277734258,-0.40769654579410086,0.5165731623112837,0.3359216792700231,-0.3325245888128814,0.7,-0.10323530959171398,-0.37174639860769176,0.922576330704248,1.249000902703301e-16,18,1.3721552622888676e-05,0,3,5,2,0.9998837491821069,0.9998088586827759,1.0000749048167363,0.9719970100821278,0.6362681826279031,1.527653018995235,5.506767214331417e-05,0.005490847148586524,not_applicable,not_applicable,True,regular
URLikeAligned6R,ATR_EXP_023,-0.06,0.06,row_s=-0.060000_+t,2,0.35926825089211956,-0.3953793892474937,0.4898053667483312,0.33316841264978503,-0.33739779183212737,0.7,-0.12130719807421136,-0.37520572848195577,0.9189696540200384,1.3877787807814457e-17,18,1.3839709399676513e-05,0,3,5,2,0.9998056609710737,0.999571062311435,1.0002346993310272,0.9734506814119152,0.6083179387956725,1.6002333966003373,5.335659519660987e-05,0.005537799724358236,not_applicable,not_applicable,True,regular
URLikeAligned6R,ATR_EXP_023,-0.06,0.09,row_s=-0.060000_+t,3,0.35868890060433317,-0.38304024675239084,0.46289523897730667,0.330336014778119,-0.3412875792828047,0.7,-0.13852237738256562,-0.3783607408120046,0.9152347790465969,1.1102230246251565e-16,18,1.3936565239613009e-05,0,3,5,2,0.9998030142367832,0.999059024070401,1.0007446909025965,0.9748313890108797,0.5790996271079537,1.6833569620468,5.283411323592925e-05,0.005576182842157939,not_applicable,not_applicable,True,regular
URLikeAligned6R,ATR_EXP_023,-0.06,0.12,row_s=-0.060000_+t,4,0.3581175555832807,-0.37068478869307825,0.4358753328995465,0.32742799169241255,-0.34418258820977193,0.7,-0.15485071014069376,-0.3812084032032275,0.9114282258610211,7.97218214573518e-17,18,1.400818704685347e-05,0,3,5,2,,,,,,,5.376819260840332e-05,0.005604428498084039,not_applicable,not_applicable,True,regular
URLikeAligned6R,ATR_EXP_023,-0.03,-0.12,row_s=-0.030000_-t,4,0.35760868387661376,-0.4687209408296987,0.6507006157082786,0.3191754420764742,-0.29577399022809386,0.7,-0.009489721834385498,-0.3239758346253228,0.9460177608049076,1.1443916996305594e-16,18,1.2982330950242761e-05,0,3,5,2,,,,,,,7.306041006524162e-05,0.005191546214016941,not_applicable,not_applicable,True,regular
URLikeAligned6R,ATR_EXP_023,-0.03,-0.09,row_s=-0.030000_-t,3,0.35701757973313336,-0.4565858214232259,0.625087837809065,0.3168332316572197,-0.30530285365946425,0.7,-0.031385604310019646,-0.3288565320468788,0.9438582124303391,1.3877787807814457e-17,18,1.3148008430668143e-05,0,3,5,2,0.9998253324610572,0.9989666683057513,1.0008595523580002,0.9637411677772865,0.7381765084205388,1.305570086264847,7.016701594093803e-05,0.005257826783677298,not_applicable,not_applicable,True,regular
URLikeAligned6R,ATR_EXP_023,-0.03,-0.06,row_s=-0.030000_-t,2,0.35642506231263477,-0.4444086982262892,0.5991871907173945,0.3144058114981977,-0.3139364239143282,0.7,-0.05262974857522429,-0.33345861526492454,0.9412945667911335,5.551115123125783e-17,18,1.3309465268908738e-05,0,3,5,2,0.9998210136950332,0.9995379068756969,1.0002832377015307,0.9657192594976792,0.7158372293157088,1.349076605614436,6.691461962372939e-05,0.005322436111604433,not_applicable,not_applicable,True,regular
URLikeAligned6R,ATR_EXP_023,-0.03,-0.03,row_s=-0.030000_-t,1,0.35583305170759727,-0.4321927322796642,0.573025031600644,0.31189514255272793,-0.3216541484111563,0.7,-0.07317518397279639,-0.3377766735759845,0.9383774886678017,1.1102230246251565e-16,18,1.346376565421928e-05,0,3,5,2,0.9998768315813451,0.9998167356285824,1.0000601069682284,0.9675304556964691,0.6920654092759706,1.398033253401129,6.351316292365954e-05,0.005384207016207439,not_applicable,not_applicable,True,regular
URLikeAligned6R,ATR_EXP_023,-0.03,0.0,-s,1,0.3552433016199471,-0.4199414929978086,0.5466291336700386,0.30930344056923453,-0.32843665888603,0.7,-0.09297751475651447,-0.34180559851831743,0.9351599406364866,5.721958498152797e-17,18,3.337325556243052e-06,0,3,5,2,0.9999887694411042,0.999812828682008,1.0001759736963247,0.969198478195785,0.6668783980331526,1.4533361420227067,5.003430507859286e-05,0.0013359320697353377,not_applicable,not_applicable,True,regular
URLikeAligned6R,ATR_EXP_023,-0.03,0.03,row_s=-0.030000_+t,1,0.35465738481904446,-0.40765901359665124,0.5200286392488438,0.3066331835559343,-0.3342660953048544,0.7,-0.11199531860744255,-0.34554060768120576,0.9316966979942134,5.721958498152797e-17,18,1.3709887930122848e-05,0,3,5,2,0.9998802044305707,0.9998092121237251,1.0000710058539017,0.9707467313643796,0.6403078032055182,1.5160626287929233,5.7816303813293225e-05,0.005485607945036479,not_applicable,not_applicable,True,regular
URLikeAligned6R,ATR_EXP_023,-0.03,0.06,row_s=-0.030000_+t,2,0.3540766796168346,-0.395349836173538,0.49325397442963376,0.3038871160107433,-0.3391264541471776,0.7,-0.1301905438538419,-0.348977271394951,0.9280437954863853,1.1188630228279524e-16,18,1.3825959717213138e-05,0,3,5,2,0.9998060487870923,0.9995581618781582,1.0002479964832345,0.9721977879142918,0.6124012676622607,1.5875175954901173,5.5630740804861534e-05,0.0055317654566523645,not_applicable,not_applicable,True,regular
URLikeAligned6R,ATR_EXP_023,-0.03,0.09,row_s=-0.030000_+t,3,0.35350235767264093,-0.3830190410187644,0.4663367151820722,0.30106824822111783,-0.34300395172376813,0.7,-0.14752889831492866,-0.35211154235511044,0.9242579109222104,6.206335383118183e-17,18,1.3920992886257457e-05,0,3,5,2,0.9998034586417598,0.9990305175468296,1.0007736911749485,0.9735729195687258,0.5832238567684875,1.669295431368454,5.457464999724028e-05,0.00556946549651959,not_applicable,not_applicable,True,regular
URLikeAligned6R,ATR_EXP_023,-0.03,0.12,row_s=-0.030000_+t,4,0.35293537375421163,-0.3706722590934427,0.4393094053106765,0.2981798501516317,-0.3458873881032703,0.7,-0.1639802138984876,-0.35493978685963734,0.9203956959665998,5.721958498152797e-17,18,1.3991076363674907e-05,0,3,5,2,,,,,,,5.4954813792108004e-05,0.005597147875084394,not_applicable,not_applicable,True,regular
URLikeAligned6R,ATR_EXP_023,0.0,-0.12,row_s=+0.000000_-t,4,0.35233853404028787,-0.46875147937200723,0.6540875504451211,0.28993701529935323,-0.297364258977942,0.7,-0.017498854389816465,-0.2976697855250566,0.954508506447434,5.721958498152797e-17,18,1.2980475692536867e-05,0,3,5,2,,,,,,,7.704300383123642e-05,0.0051904702503840815,not_applicable,not_applicable,True,regular
URLikeAligned6R,ATR_EXP_023,0.0,-0.09,row_s=+0.000000_-t,3,0.35175388593706003,-0.45662269563066155,0.6284716243065315,0.2875677696749246,-0.3068864405487806,0.7,-0.03951385294108831,-0.30250640534995654,0.9523279530434869,6.206335383118183e-17,18,1.314345804399595e-05,0,3,5,2,0.9998254401899564,0.9989400104467906,1.0008863692853487,0.962554669859263,0.741861501201038,1.2974856739444403,7.399333153767299e-05,0.005255677604427616,not_applicable,not_applicable,True,regular
URLikeAligned6R,ATR_EXP_023,0.0,-0.06,row_s=+0.000000_-t,2,0.35116811837074746,-0.4444523606499507,0.6025672126103727,0.28512057245361294,-0.3155131671040375,0.7,-0.06087698727815108,-0.3070701391453442,0.9497378175397644,1.1188630228279524e-16,18,1.3302335994832296e-05,0,3,5,2,0.9998211851922576,0.9995258472991211,1.0002954779948259,0.9645425120457167,0.7195768405259937,1.3404301774646594,7.054452078543506e-05,0.005319268399738565,not_applicable,not_applicable,True,regular
URLikeAligned6R,ATR_EXP_023,0.0,-0.03,row_s=+0.000000_-t,1,0.35058296453502064,-0.4322436144055709,0.5764007327018725,0.2825972857118707,-0.32322408001081715,0.7,-0.0815413234409297,-0.3113547953277757,0.946788890934986,6.206335383118183e-17,18,1.3454213567120369e-05,0,3,5,2,0.9998734735842884,0.9998170286143889,1.0000564552996039,0.9663601089453742,0.6958591974229471,1.3887293758912769,6.689764754584067e-05,0.0053800911423620675,not_applicable,not_applicable,True,regular
URLikeAligned6R,ATR_EXP_023,0.0,0.0,-s,0,0.35,-0.42,0.55,0.28,-0.33,0.7,-0.10146249696610761,-0.31535450105379514,0.9435342603077614,0.0,0,0.0,0,3,5,2,0.9999883698951478,0.9998131543700529,1.0001752482694681,0.9680313811242618,0.6707253805790725,1.4432604000887954,0.0,0.0,not_applicable,not_applicable,True,seed
URLikeAligned6R,ATR_EXP_023,0.0,0.03,row_s=+0.000000_+t,1,0.3494206301101938,-0.40772551949088187,0.5233941812449949,0.2773310403789524,-0.33582324708058775,0.7,-0.12059910597492705,-0.31906373532772475,0.9400288231946763,5.721958498152797e-17,18,1.369653129988167e-05,0,3,5,2,0.9998769211033514,0.9998095956508615,1.0000673382739902,0.9695798770648948,0.6442063847118539,1.5050764787104318,6.0588425602811155e-05,0.005479985032006277,not_applicable,not_applicable,True,regular
URLikeAligned6R,ATR_EXP_023,0.0,0.06,row_s=+0.000000_+t,2,0.34884607840472315,-0.39542467951601856,0.4966137099273982,0.27459296954854345,-0.3406779849167218,0.7,-0.13891310282375846,-0.3224773652343301,0.9363287343531653,6.938893903907228e-17,18,1.3810804905340809e-05,0,3,5,2,0.9998064794056268,0.9995462120191035,1.0002603855463545,0.9710282663275431,0.6163491644045086,1.5754515823278694,5.7966350208807036e-05,0.0055254698847585675,not_applicable,not_applicable,True,regular
URLikeAligned6R,ATR_EXP_023,0.0,0.09,row_s=+0.000000_+t,3,0.3482773763353377,-0.383102521323855,0.4696901538046521,0.2717885865457911,-0.34455058047787035,0.7,-0.15637017747892817,-0.32559068519419543,0.9324907899330604,1.3877787807814457e-17,18,1.3904321116817291e-05,0,3,5,2,0.999803933873167,0.9990041437415128,1.0008005874016286,0.9723978773121646,0.5872180257070516,1.6559401018749884,5.64086286332914e-05,0.005562615805462581,not_applicable,not_applicable,True,regular
URLikeAligned6R,ATR_EXP_023,0.0,0.12,row_s=+0.000000_+t,4,0.3477153548399812,-0.3707646341156719,0.4426560348311601,0.2689209205923669,-0.3474299647328247,0.7,-0.17294011707582002,-0.3283994576521533,0.928571759273118,5.551115123125783e-17,18,1.3973188687744264e-05,0,3,5,2,,,,,,,5.625251705668271e-05,0.0055898694931834835,not_applicable,not_applicable,True,regular
URLikeAligned6R,ATR_EXP_023,0.03,-0.12,row_s=+0.030000_-t,4,0.34702974593791136,-0.46888346844737655,0.6573749336965697,0.26068462570760276,-0.29873207370043775,0.7,-0.02537143702084184,-0.27111793503583015,0.9622116999316755,7.850462293418876e-17,18,1.2975858998866573e-05,0,3,5,2,,,,,,,8.091434398851702e-05,0.0051885356646672555,not_applicable,not_applicable,True,regular
URLikeAligned6R,ATR_EXP_023,0.03,-0.09,row_s=+0.030000_-t,3,0.34645206630788755,-0.45676167561259723,0.6317578251732697,0.25828824527169175,-0.30825361563481335,0.7,-0.04750024210342472,-0.275909334529603,0.9600092531426704,1.1857187100668868e-16,18,1.3136339407639322e-05,0,3,5,2,0.9998256186170977,0.9989155648664438,1.0009110417162992,0.9614571190649717,0.7453803742752689,1.2898878911318177,7.772533670154949e-05,0.0052527582470505395,not_applicable,not_applicable,True,regular
URLikeAligned6R,ATR_EXP_023,0.03,-0.06,row_s=+0.030000_-t,2,0.3458735772088026,-0.444598726783132,0.6058514779514287,0.2558213369507008,-0.3168798305252122,0.7,-0.06897719357568972,-0.28043375509029717,0.9573917984672613,1.3877787807814457e-16,18,1.3292850839705686e-05,0,3,5,2,0.9998214262451945,0.9995147725920003,1.0003068025221868,0.9634543750539966,0.7231559447444561,1.3322913018359483,7.410106248233993e-05,0.005315425928000014,not_applicable,not_applicable,True,regular
URLikeAligned6R,ATR_EXP_023,0.03,-0.03,row_s=+0.030000_-t,1,0.34529582323164554,-0.4323977386728844,0.5796823485197857,0.2532856597245099,-0.32459053451330416,0.7,-0.08975539600629683,-0.2846842204592252,0.9544102176261925,5.721958498152797e-17,18,1.3442537737874282e-05,0,3,5,2,0.9998703929559926,0.9998173590019326,1.0000530436420036,0.9652780895018052,0.6994982407574771,1.3799578515830413,7.023441780979553e-05,0.005375403053786743,not_applicable,not_applicable,True,regular
URLikeAligned6R,ATR_EXP_023,0.03,0.0,+s,1,0.34472020047775176,-0.42016222575616247,0.5532782746213797,0.2506831747364398,-0.33136671535465095,0.7,-0.10979051471103775,-0.28865408977120194,0.9511176895305041,7.97218214573518e-17,18,3.4372436158652774e-06,0,3,5,2,0.999987989348807,0.9998135243575578,1.0001744975307882,0.9669523956776928,0.6744234385875726,1.4337467240206774,6.80929557355015e-05,0.0013755050813157746,not_applicable,not_applicable,True,regular
URLikeAligned6R,ATR_EXP_023,0.03,0.03,row_s=+0.030000_+t,1,0.34414794587939124,-0.40789615653124867,0.5266684290362699,0.24801604993894705,-0.3371908483454576,0.7,-0.1290411634686416,-0.2923370999581073,0.9475692049231775,1.3877787807814457e-17,18,1.3681512993366826e-05,0,3,5,2,0.9998739102474656,0.9998100047462288,1.0000639176452861,0.9685009973599987,0.6479618274333587,1.4946883540907456,6.337257311361344e-05,0.005473996440083596,not_applicable,not_applicable,True,regular
URLikeAligned6R,ATR_EXP_023,0.03,0.06,row_s=+0.030000_+t,2,0.34358012753912426,-0.39560399974266824,0.49988323615742897,0.24528666214709002,-0.3420472368713136,0.7,-0.1474692907458914,-0.2957274115061983,0.9438210139484857,7.97218214573518e-17,18,1.3794275419753268e-05,0,3,5,2,0.9998069513577564,0.999535236546213,1.0002718411533766,0.9699466718489265,0.6201595788654536,1.5640275582349117,6.035053436010084e-05,0.005518931013213869,not_applicable,not_applicable,True,regular
URLikeAligned6R,ATR_EXP_023,0.03,0.09,row_s=+0.030000_+t,3,0.3430176363276117,-0.383290755196217,0.47295424129194424,0.2424975951511848,-0.3459223685542718,0.7,-0.16504055784470514,-0.2988196573157378,0.939930011579593,1.1188630228279524e-16,18,1.3886579730754254e-05,0,3,5,2,0.9998044389079289,0.9989799518762728,1.0008253289068592,0.9713108163449093,0.5910801434427011,1.6432810797662458,5.832401675042154e-05,0.005555651406524682,not_applicable,not_applicable,True,regular
URLikeAligned6R,ATR_EXP_023,0.03,0.12,row_s=+0.030000_+t,4,0.34246117923015357,-0.3709619680455294,0.44591393292982234,0.23965163352916383,-0.34880527297202263,0.7,-0.18172469375893174,-0.30160899280854064,0.93595307101117,5.721958498152797e-17,18,1.3954552451249592e-05,0,3,5,2,,,,,,,5.7652858414655665e-05,0.005582610344761608,not_applicable,not_applicable,True,regular
URLikeAligned6R,ATR_EXP_023,0.06,-0.12,row_s=+0.060000_-t,4,0.3416860157677762,-0.4691169900323344,0.6605613386661688,0.23141956320114165,-0.2998723750441604,0.7,-0.033102535837312194,-0.24434109201346088,0.9691241679345372,5.721958498152797e-17,18,1.2968494145927148e-05,0,3,5,2,,,,,,,8.466977342953657e-05,0.005185752950051054,not_applicable,not_applicable,True,regular
URLikeAligned6R,ATR_EXP_023,0.06,-0.09,row_s=+0.060000_-t,3,0.34111580618798193,-0.4570028348073575,0.6349450324271118,0.22899590475953224,-0.30939934607683667,0.7,-0.05533975522682813,-0.24908619377606087,0.9668989500261077,1.6243534171511178e-16,18,1.3126669732623195e-05,0,3,5,2,0.9998258670972177,0.9988933797758978,1.0009335203738452,0.9604526287500972,0.7487309054577431,1.282774120513853,8.13582987107352e-05,0.005249080829374792,not_applicable,not_applicable,True,regular
URLikeAligned6R,ATR_EXP_023,0.06,-0.06,row_s=+0.060000_-t,2,0.3405451148305769,-0.44484786094351186,0.6090385990078255,0.22650929195060499,-0.3180314114699433,0.7,-0.0769252688858674,-0.25357040506833917,0.9642533653974538,6.206335383118183e-17,18,1.3281030021051707e-05,0,3,5,2,0.9998217357298784,0.9995047055163433,1.0003171873146623,0.9624589762264684,0.726572347341861,1.3246567664563482,7.757890850668356e-05,0.005310922031817065,not_applicable,not_applicable,True,regular
URLikeAligned6R,ATR_EXP_023,0.06,-0.03,row_s=+0.060000_-t,1,0.3399752960796216,-0.43265515978372454,0.5828685130163415,0.22396137700406818,-0.3257485425486173,0.7,-0.09781222208134711,-0.2577859618235181,0.9612383508257631,7.97218214573518e-17,18,1.3428760399364686e-05,0,3,5,2,0.9998676024602244,0.9998177203902662,1.0000498911641003,0.9642885426199773,0.7029803712062923,1.3717147478318468,7.351688390950216e-05,0.005370156885694157,not_applicable,not_applicable,True,regular
URLikeAligned6R,ATR_EXP_023,0.06,0.0,+s,2,0.33940756527073546,-0.42042821494450816,0.5564626146844655,0.22135398807426643,-0.3325318717736554,0.7,-0.11795630881126769,-0.26172545193564295,0.9579071442580979,6.938893903907228e-17,18,3.4896673023521794e-06,0,3,5,2,0.9999876302686755,0.9998139374839338,1.0001737251084726,0.9659656841367851,0.6779704337939805,1.4247902799111143,8.434555727880873e-05,0.0013967296819974568,not_applicable,not_applicable,True,regular
URLikeAligned6R,ATR_EXP_023,0.06,0.03,row_s=+0.060000_+t,1,0.3388429899147614,-0.4081709590451906,0.5298500645291013,0.21868913252622693,-0.3383640046959656,0.7,-0.13731615421476562,-0.2653818669388812,0.9543148005200908,1.8041124150158794e-16,18,1.366485642717141e-05,0,3,5,2,0.9998711824579756,0.9998104348536603,1.000060759122127,0.9675142683369872,0.651572029688605,1.484892267090371,6.615861340498392e-05,0.005467656713854596,not_applicable,not_applicable,True,regular
URLikeAligned6R,ATR_EXP_023,0.06,0.06,row_s=+0.060000_+t,2,0.3382824819294472,-0.39588782057557964,0.5030612614364214,0.2159689979340476,-0.34322935675626204,0.7,-0.15585369552084893,-0.26874865725968095,0.9505176404536705,1.1102230246251565e-16,18,1.3776394092212248e-05,0,3,5,2,0.9998074635202985,0.9995252567220078,1.0002823408377055,0.9689571893400961,0.6238304555444403,1.5532380324305437,6.27716557821036e-05,0.005512163087505247,not_applicable,not_applicable,True,regular
URLikeAligned6R,ATR_EXP_023,0.06,0.09,row_s=+0.060000_+t,3,0.337726791084382,-0.3835837555572359,0.47612771410945365,0.21319594961454597,-0.3471145060893607,0.7,-0.1735345552085966,-0.27181979064855555,0.9465726382905487,6.206335383118183e-17,18,1.3867790208498585e-05,0,3,5,2,0.9998049729766553,0.9989579859128085,1.0008478705569113,0.9703159241955863,0.5948082123890112,1.6313088891264147,6.030941210793758e-05,0.005548585941758849,not_applicable,not_applicable,True,regular
URLikeAligned6R,ATR_EXP_023,0.06,0.12,row_s=+0.060000_+t,4,0.33717650008349254,-0.3712642628511114,0.44908186602887196,0.21037252439851092,-0.350008548517904,0.7,-0.19032839149147038,-0.27458981167682556,0.9425367572225262,5.551115123125783e-17,18,1.3935187176705982e-05,0,3,5,2,,,,,,,5.914709374822586e-05,0.005575383231785929,not_applicable,not_applicable,True,regular
URLikeAligned6R,ATR_EXP_023,0.09,-0.12,row_s=+0.090000_-t,4,0.33631102211883895,-0.46945206252387656,0.6636453630435771,0.20214324992048902,-0.3007804551665404,0.7,-0.04068736997194748,-0.2173599228632382,0.9752431501208574,6.206335383118183e-17,18,1.2958391635194291e-05,0,3,5,2,,,,,,,8.830492498320283e-05,0.005182130611894981,not_applicable,not_applicable,True,regular
URLikeAligned6R,ATR_EXP_023,0.09,-0.09,row_s=+0.090000_-t,3,0.33574877224923344,-0.4573461842618393,0.6380318642529416,0.1996921238175041,-0.3103189422616936,0.7,-0.06302753072473345,-0.22205771367903707,0.9729942970883138,7.97218214573518e-17,18,1.3114462499885402e-05,0,3,5,2,0.9998261850596389,0.9988734983703544,1.000953761102721,0.9595449080286305,0.7519108890802372,1.2761417901559828,8.488778911319263e-05,0.005244655118393133,not_applicable,not_applicable,True,regular
URLikeAligned6R,ATR_EXP_023,0.09,-0.06,row_s=+0.090000_-t,2,0.3351863875222624,-0.44519976641092346,0.6121272164446381,0.19718575053920426,-0.3189632420858547,0.7,-0.08471627124048448,-0.22650088615820368,0.9703197936539567,1.2719202621569003e-16,18,1.32668890893903e-05,0,3,5,2,0.9998221127198416,0.9994956667320428,1.0003266107084448,0.9615600399526051,0.7298238639537713,1.317523429205807,8.09731019038596e-05,0.005305767347618548,not_applicable,not_applicable,True,regular
URLikeAligned6R,ATR_EXP_023,0.09,-0.03,row_s=+0.090000_-t,1,0.33462503061374665,-0.4330158729200628,0.585957891324211,0.19462567251469082,-0.3266934612567847,0.7,-0.10570678002881974,-0.23068088596927058,0.9672705958026282,1.716587549445839e-16,18,1.3412898229492538e-05,0,3,5,2,0.999865115170385,0.9998181059636855,1.0000470177589496,0.9633952127156395,0.706303424577601,1.3639962361668998,7.673905890600116e-05,0.0053643637434733025,not_applicable,not_applicable,True,regular
URLikeAligned6R,ATR_EXP_023,0.09,0.0,+s,3,0.3340657348377252,-0.42079795440293716,0.5595517118047423,0.19201358198852542,-0.3334908543889798,0.7,-0.1259547791224422,-0.2345895269734415,0.9638999675539955,0.0,18,3.5391286351159155e-06,0,3,5,2,0.9999872954303519,0.9998143927859466,1.000172934742341,0.9650750114086651,0.6813642260315995,1.41638638269792,0.00010201104994917237,0.0014176115515960946,not_applicable,not_applicable,True,regular
URLikeAligned6R,ATR_EXP_023,0.09,0.03,row_s=+0.090000_+t,1,0.33350939725168,-0.40854990535910224,0.5329378078775452,0.18935132297317547,-0.3393381320939781,0.7,-0.14541890125503704,-0.23821905214267172,0.9602629985342687,6.206335383118183e-17,18,1.3646578003836413e-05,0,3,5,2,0.9998687482644298,0.9998108814669734,1.0000578777432103,0.9666234728182173,0.6550348831778465,1.4756824371378894,6.893749538946854e-05,0.0054609768243140495,not_applicable,not_applicable,True,regular
URLikeAligned6R,ATR_EXP_023,0.09,0.06,row_s=+0.090000_+t,2,0.33295677275321894,-0.3962761117309174,0.5061465365525004,0.18664089120480534,-0.3442197941084659,0.7,-0.1640610656852335,-0.24156219826555306,0.9564160554357811,7.97218214573518e-17,18,1.3757176006655704e-05,0,3,5,2,0.9998080150942732,0.9995162918742315,1.0002918643972223,0.9680636149190183,0.6273597289709156,1.5430757988036201,6.521911252638628e-05,0.005505176525148624,not_applicable,not_applicable,True,regular
URLikeAligned6R,ATR_EXP_023,0.09,0.09,row_s=+0.090000_+t,3,0.3324084693405722,-0.3839814834687687,0.4792093558004274,0.1838844310956695,-0.34812247890976683,0.7,-0.18184684660797593,-0.2446122639145182,0.9524161720179627,1.249000902703301e-16,18,1.3847965634798047e-05,0,3,5,2,0.999805535565585,0.9989382853428175,1.000868171973677,0.9694170044096163,0.598400223180542,1.6200144432719166,6.235395665461455e-05,0.005541429006781287,not_applicable,not_applicable,True,regular
URLikeAligned6R,ATR_EXP_023,0.09,0.12,row_s=+0.090000_+t,4,0.33186494489687324,-0.3716714709330076,0.45215865254695503,0.18108422944752167,-0.3510353162224537,0.7,-0.1987458195872569,-0.24736317830465676,0.9483203874301175,5.721958498152797e-17,18,1.3915103418228513e-05,0,3,5,2,,,,,,,6.072635286538274e-05,0.00556819673195321,not_applicable,not_applicable,True,regular
URLikeAligned6R,ATR_EXP_023,0.12,-0.12,row_s=+0.120000_-t,4,0.33090842839827295,-0.4698886432952367,0.6666256268473043,0.1728572318021815,-0.3014519668420228,0.7,-0.04812129962026522,-0.1901949602592754,0.9805662739533874,0.0,18,1.2945558946989708e-05,0,3,5,2,,,,,,,9.181573661031338e-05,0.005177675043047428,not_applicable,not_applicable,True,regular
URLikeAligned6R,ATR_EXP_023,0.12,-0.09,row_s=+0.120000_-t,3,0.3303546148646413,-0.457791675222212,0.6410169628171549,0.1703783994394017,-0.31100806680458265,0.7,-0.07055885003883715,-0.19484448952952513,0.9782929385317957,5.551115123125783e-17,18,1.3099727245876261e-05,0,3,5,2,,,,,,,8.830964209896811e-05,0.0052394884101444284,not_applicable,not_applicable,True,regular
URLikeAligned6R,ATR_EXP_023,0.12,-0.06,row_s=+0.120000_-t,2,0.3298010341635535,-0.44565438804880725,0.6151159971124976,0.16785214429752496,-0.3196709982508946,0.7,-0.09234540333392598,-0.1992458584187895,0.9755887526955476,6.206335383118183e-17,18,1.3250438743844348e-05,0,3,5,2,,,,,,,8.427904052305255e-05,0.005299969700352651,not_applicable,not_applicable,True,regular
URLikeAligned6R,ATR_EXP_023,0.12,-0.03,row_s=+0.120000_-t,1,0.32924865586915686,-0.43347981639099553,0.5889491775084373,0.1652798965894242,-0.3274209830192854,0.7,-0.11343419421263226,-0.20338972057155255,0.9725046555925357,1.1443916996305594e-16,18,1.3394962184667263e-05,0,3,5,2,,,,,,,7.989542552531281e-05,0.005358031603236879,not_applicable,not_applicable,True,regular
URLikeAligned6R,ATR_EXP_023,0.12,0.0,+s,4,0.3286983300621183,-0.42127137579665036,0.5625442897981666,0.16266321041924908,-0.33423937521208263,0.7,-0.1337809725846114,-0.20726711346605306,0.969093904144364,6.206335383118183e-17,18,3.5854581078650684e-06,0,3,5,2,,,,,,,0.00012015907412647654,0.0014380837724792012,not_applicable,not_applicable,True,regular
URLikeAligned6R,ATR_EXP_023,0.12,0.03,row_s=+0.120000_+t,1,0.32815078229322725,-0.40903292048048717,0.5359304151910771,0.16000376442192907,-0.34010896526062295,0.7,-0.15334437558628633,-0.21086952851740778,0.9654115932693672,1.1188630228279524e-16,18,1.3626686986155952e-05,0,3,5,2,,,,,,,7.170101068536184e-05,0.005453964096743207,not_applicable,not_applicable,True,regular
URLikeAligned6R,ATR_EXP_023,0.12,0.06,row_s=+0.120000_+t,2,0.327606609517513,-0.39676879160975825,0.5091378524438995,0.15730336068183748,-0.3450143094553781,0.7,-0.17208629843183593,-0.21418898518502663,0.96151411040995,6.206335383118183e-17,18,1.3736628402952197e-05,0,3,5,2,,,,,,,6.768316560044099e-05,0.005497977860279877,not_applicable,not_applicable,True,regular
URLikeAligned6R,ATR_EXP_023,0.12,0.09,row_s=+0.120000_+t,3,0.32706627714008996,-0.38448385082700554,0.4821979946335417,0.15456392109306438,-0.34894207651782416,0.7,-0.18997225830838088,-0.2172181084340043,0.9574585288364019,5.721958498152797e-17,18,1.3827110624723332e-05,0,3,5,2,,,,,,,6.444737057873781e-05,0.005534186111338884,not_applicable,not_applicable,True,regular
URLikeAligned6R,ATR_EXP_023,0.12,0.12,row_s=+0.120000_+t,4,0.3265301174711172,-0.37218349781595284,0.4551431605140783,0.1517874809879342,-0.3518813978449936,0.7,-0.2069717370668742,-0.2199502069318735,0.9533019492931644,6.938893903907228e-17,18,1.3894302760899792e-05,0,3,5,2,,,,,,,6.238165713240575e-05,0.005561055173488272,not_applicable,not_applicable,True,regular
